Product Name,Price
"Dabur Pudin Hara Pearls, 10 Capsules",Minimum Order Quantity: 2
"ENO Fruit Salt Lemon Flavour Powder, 30 gm (6 sachets x 5 gm)",Bestseller
"Dabur Honitus Herbal Cough Remedy Syrup, 100 ml",(₹120)
"Zandu Balm, 8 ml",MRP
"Dabur Hajmola Regular, 120 Tablets",MRP
"Dabur Hajmola Imli, 120 Tablets",MRP
"Patanjali Dant Kanti Dental Cream, 100 gm",MRP
"Himalaya Liv.52, 100 Tablets",Bestseller
"Sat Isabgol Psyllium Husk, 200 gm",MRP
"Himalaya Liv.52 DS, 60 Tablets",MRP
"Dabur Pudin Hara Active Liquid, 30 ml",(₹55)
"Himalaya Koflet, 10 Lozenges",MRP
"Zandu Balm, 50 ml",MRP
"Apollo Pharmacy Ayurvedic Sorepils, 200 Count",(₹400)
"Zandu Ultra Power Balm, 8 ml",MRP
"Vicks Vaporub, 25 ml",MRP
"Zandu Nityam Ayurvedic Laxative, 30 Tablets",MRP
"Patanjali Divya Swasari Pravahi, 250 ml",MRP
"Dabur Hingoli, 90 Tablets",MRP
"Apollo Pharmacy Ayurvedic Toothpaste, 100 gm",MRP
"Himalaya Pilex Forte Ointment, 30 gm",MRP
"Himalaya Pilex, 60 Tablets",MRP
"Dr. Ortho Oil, 120 ml",MRP
"Zandu Ultra Power Balm, 25 ml",
