name,offerprice
"NutriGlow Aloe Vera Gel Great for Face, Hair, Acne, Sunburn, Bug Bites, Rashes, Glowing and Radiant Skin, 100gm",Rs.  120
"Organic Harvest Vitamin-C Facial Kit for Skin, Eliminates Fine Lines & Wrinkles, Infused with Acai Berry & Daisy Flower - 50gm",Rs.  259
Joy Revivify Ubtan Face Mask 250 gm,Rs.  199
"NutriGlow NATURAL'S Ubtan Facial Kit For Glowing Skin, Tan Removal With Haldi & Chandan, 60gm",Rs.  119
Lotus Herbals Insta Glow Fairness 4 In1 Facial Kit 160g,Rs.  699
VLCC - Skin Brightening Facial Kit For All Skin Type ( Pack of 1 ),Rs.  262
Indus Valley Bio Organic 100% Pure Hibiscus Powder 100g,Rs.  199
Barbers Crew - Fairness Pack for Normal Skin (Pack of 1),Rs.  179
"Nutriglow NATURAL'S Wine, Papaya, Gold Kesar, Skin Whitening, Diamond Radiance Facial kit Each 60gm (Pack of 5)",Rs.  389
"gemblue biocare Aloe Vera Multi- Purpose Gel, Enriched with Pure AloeVera & Vitamin E Moisturizer 500 ml",Rs.  179
WOW Skin Science - Fairness Facial Kit For All Skin Type ( Pack of 7 ),Rs.  399
Jovees Herbal De-Tan Face Pack For Women/Men| Tan Removal and Skin Brightening | Natural Ingredients |100 GM,Rs.  189
Oxileaf Aroma D-Tan for Sun-Tan Removal Facial Kit 175 g,Rs.  239
"Mars by GHC Derma Roller for Hair Growth and Beard Growth, 0.5mm 540 Micro Needles, Pack of 2",Rs.  319
SKIN SHINE WHITENING CREAM 15 gm ( pack of 5) Night Cream 75 gm Pack of 5,Rs.  359
FACE FRESH GOLD BEAUTY CREAM Night Cream 30 gm,Rs.  329
NutriGlow Wine Facial Cleanup Kit for Women for Glowing Skin 6-Pieces Skin Care Set 250gm+10ml with Free Face Massager,Rs.  575
Paras Power Charcoal Peel Off Mask 390 gm Pack of 3,Rs.  179
"NutriGlow NATURAL'S Advanced Pro Formula Gold Kesar Facial Kit for Radiant Shine, Each 60gm (Pack of 2)",Rs.  159
VLCC Gold Facial Kit For Luminous & Radiant Complexion 60g,Rs.  272
